{
  "hash": "cc01b40b",
  "configHash": "fb235355",
  "lockfileHash": "6f3e95bc",
  "browserHash": "6ec4ad4a",
  "optimized": {
    "@angular/core": {
      "src": "../../../../../../node_modules/@angular/core/fesm2022/core.mjs",
      "file": "@angular_core.js",
      "fileHash": "8464d8e5",
      "needsInterop": false
    },
    "@angular/forms": {
      "src": "../../../../../../node_modules/@angular/forms/fesm2022/forms.mjs",
      "file": "@angular_forms.js",
      "fileHash": "0ddbecf7",
      "needsInterop": false
    },
    "@angular/platform-browser": {
      "src": "../../../../../../node_modules/@angular/platform-browser/fesm2022/platform-browser.mjs",
      "file": "@angular_platform-browser.js",
      "fileHash": "89f626c7",
      "needsInterop": false
    },
    "@angular/router": {
      "src": "../../../../../../node_modules/@angular/router/fesm2022/router.mjs",
      "file": "@angular_router.js",
      "fileHash": "f06b8fbb",
      "needsInterop": false
    },
    "@angular/common": {
      "src": "../../../../../../node_modules/@angular/common/fesm2022/common.mjs",
      "file": "@angular_common.js",
      "fileHash": "ee93d621",
      "needsInterop": false
    }
  },
  "chunks": {
    "chunk-KNDWKCRI": {
      "file": "chunk-KNDWKCRI.js"
    },
    "chunk-ZLWQD4XV": {
      "file": "chunk-ZLWQD4XV.js"
    },
    "chunk-PSGA3BG2": {
      "file": "chunk-PSGA3BG2.js"
    }
  }
}